ID,Fwy,Dir,District,County,City,State_PM,Abs_PM,Latitude,Longtitude,Length,Type,Lanes,Name,User_ID_1,User_ID_2,User_ID_3,User_ID_4
400001,101,N,4,85,68000.0,38.26,387.897,37.364084999999996,-121.901149,0.265,ML,5,NB 880 rm-n-loop,DT697,L5-N-37-101-03826,998145.0,426518
400017,85,S,4,85,68000.0,10.07,10.07,37.253303,-121.94543999999999,0.43,ML,4,BASCOM AVE,DT551,L4-S-37-085-01007,998071.0,419898
400030,880,S,4,85,68000.0,3.64,3.64,37.359087,-121.90653799999998,0.25,ML,4,N First St rm-s-loop,DT969,L4-S-37-880-00364,880130.0,421412
400040,87,S,4,85,68000.0,2.87,2.86,37.294949,-121.87310900000001,0.44,ML,3,Curtner Ave rm-s-loop,DT643,L3-S-37-087-00287,87114.0,417982
400045,880,N,4,85,68000.0,4.02,4.02,37.363402,-121.90223300000001,0.3,ML,4,SB 101 rm-n-loop,DT974,L4-N-37-880-00402,998313.0,421007
400052,85,N,4,85,68000.0,6.09,6.09,37.255936,-121.87458400000001,0.555,ML,3,Almaden Expwy  rm-n-loop,DT490,L3-N-37-085-00609,998057.0,420822
400057,880,N,4,85,68000.0,1.33,1.33,37.335021999999995,-121.93552199999999,0.75,ML,3,Bascom Ave rm-n-diag,DT960,L3-N-37-880-00133,880111.0,420987
400059,85,S,4,85,68000.0,7.97,7.97,37.250481,-121.907735,1.005,ML,3,Camden Ave rm-s-diag,DT529,L3-S-37-085-00797,998063.0,421242
400065,87,S,4,85,68000.0,4.9,4.89,37.320291999999995,-121.890281,0.45,ML,2,NB & SB 280  rm-s-conn,DT660,L2-S-37-087-00490,998111.0,417994
400069,101,S,4,85,69084.0,42.77,392.44300000000004,37.385758,-121.977493,0.36,ML,4,Great America Pkwy rm-s-diag,DT084,L4-S-37-101-04277,998175.0,424570
400073,17,S,4,85,44112.0,9.4,21.953000000000003,37.2563,-121.95555900000001,0.465,ML,2,NB 85 rm-s-loop/conn,DT257,L2-S-37-017-00940,998015.0,417549
400084,280,S,4,85,17610.0,8.22,9.602,37.329258,-122.01205300000001,0.665,ML,4,Wolfe Rd rm-s-loop,DT910,L4-S-37-280-00822,998263.0,419412
400085,85,S,4,85,68000.0,6.1,6.1,37.255594,-121.87471000000001,0.495,ML,3,ALMADEN EXPWY,DT489,L3-S-37-085-00610,998055.0,421232
400088,880,N,4,85,47766.0,7.65,7.65,37.414988,-121.91268500000001,0.55,ML,4,Great Mall Pkwy rm-n-loop,DT065,L4-N-37-880-00765,998325.0,421022
400096,237,W,4,85,69084.0,R6.17,6.227,37.417981,-121.97254699999999,0.522,ML,3,oppo Great America Pkwy,DT852,L3-W-37-237-R0617,998246.0,418926
400097,85,S,4,85,70280.0,13.93,14.106,37.279012,-122.01061399999999,0.755,ML,3,Saratoga Ave  rm-n-diag,DT595,L3-S-37-085-01393,998084.0,421277
400100,17,S,4,85,10340.0,12.39,24.943,37.295052,-121.938872,1.6340000000000001,ML,3,Hamilton Ave rm-n-loop,DT755,l3-S-37-017-01239,998027.0,421197
400104,237,E,4,85,68000.0,7.11,7.162000000000001,37.419313,-121.95548000000001,0.665,ML,3,NORTH FIRST STREET,DT814,L3-E-37-237-00711,998233.0,420567
400109,101,S,4,85,68000.0,37.61,387.283,37.362706,-121.889426,0.785,ML,4,N 13th St/Oakland Rd rm-s-diag,DT027,L4-S-37-101-03761,998139.0,424540
400122,880,N,4,85,68000.0,4.21,4.21,37.36614,-121.901132,0.24,ML,3,NB 101 rm-n-diag,DT975,L3-N-37-880-00421,998317.0,421012
400147,880,N,4,85,68000.0,2.04,2.04,37.342209999999994,-121.926305,0.685,ML,3,The Alameda rm-n-loop,DT963,L3-N-37-880-00204,998295.0,420992
400148,85,N,4,85,68000.0,8.23,8.23,37.250664,-121.912479,0.565,ML,3,Camden Ave rm-n-diag,DT533,L3-N-37-085-00823,998065.0,420837
400149,101,S,4,85,49670.0,48.59,398.26300000000003,37.4118,-122.077964,0.05,ML,3,Shoreline Blvd rm-s-diag,DT767,L3-S-37-101-04859,998203.0,421357
400158,237,W,4,85,68000.0,8.17,8.222000000000001,37.421059,-121.93678,0.385,ML,3,Zanker Rd RM-E-Diag,DT834,L3-W-37-237-00817,998238.0,418946
400160,101,S,4,85,68000.0,35.64,385.309,37.348392,-121.86058899999999,0.455,ML,4,Alum Rock Ave rm-s-diag,DT775,L4-S-37-101-03564,998223.0,424528
400168,101,N,4,85,77000.0,43.83,393.467,37.391166,-121.995524,0.34,ML,4,Lawrence Expwy. rm-n-loop,DT953,L4-N-37-101-04383,998181.0,422668
400172,101,S,4,85,68000.0,40.59,390.26300000000003,37.376264,-121.93971200000001,1.01,ML,4,De La Cruz Blvd rm-s-diag,DT715,L4-S-37-101-04059,998155.0,424546
400174,85,N,4,85,49670.0,23.48,23.656,37.403686,-122.06976,0.8140000000000001,ML,3,oppo Moffett Blvd rm-s-loop,DT614,L3-N-37-085-02348,998094.0,420887
400178,87,N,4,85,68000.0,1.53,1.53,37.276874,-121.863698,0.25,ML,2,Capitol Expwy  rm-n-diag,DT637,L2-N-37-087-00153,998099.0,417004
400185,85,N,4,85,68000.0,16.06,16.236,37.303131,-122.034527,0.91,ML,3,De Anza Blvd/Saratoga-Sunny,DT606,L3-N-37-085-01606,998087.0,420877
400201,237,W,4,85,68000.0,6.7,6.752000000000001,37.419185999999996,-121.96283100000001,0.467,ML,3,N FIRST STREET,DT193,L3-W-37-237-00670,998231.0,418931
400206,101,S,4,85,68000.0,41.87,391.543,37.381356,-121.96211000000001,0.395,ML,4,San Tomas Expwy rm-s-loop,DT723,L4-S-37-101-04187,998165.0,424558
400209,85,S,4,85,17610.0,17.49,17.666,37.319961,-122.049031,1.245,ML,4,Stevens Creek Blvd  rm-s-diag,DT607,L4-S-37-085-01749,998089.0,419916
400213,85,S,4,85,44112.0,11.16,11.335999999999999,37.259192,-121.967128,0.595,ML,4,Winchester Blvd  rm-n-diag,DT574,L4-S-37-085-01116,998080.0,419904
400221,17,N,4,85,10340.0,12.28,24.833000000000002,37.293614,-121.937899,0.945,ML,3,Hamilton Ave  rm-n-loop,DT754,L3-N-37-017-01228,998025.0,420777
400222,85,N,4,85,68000.0,13.52,13.696,37.275395,-122.00470200000001,0.93,ML,3,oppo Saratoga Ave rm-s-diag,DT590,L3-N-37-085-01352,998082.0,420862
400227,101,N,4,85,68000.0,40.81,390.44699999999995,37.377237,-121.94358600000001,0.715,ML,5,Trimble Rd rm-n-diag,DT475,L5-N-37-101-04081,998161.0,422632
400236,87,S,4,85,68000.0,5.26,5.25,37.325009,-121.89298400000001,0.595,ML,3,Auzerais Ave/Delmas St,DT667,L3-S-37-087-00526,998113.0,417998
400238,880,S,4,85,47766.0,7.53,7.53,37.413256,-121.912324,0.55,ML,4,Great Mall Pkwy rm-s-diag,DT064,L4-S-37-880-00753,998323.0,421442
400240,17,N,4,85,44112.0,9.55,22.103,37.258184,-121.95385300000001,0.535,ML,3,NB 85 rm-n-conn,DT260,L3-N-37-017-00955,998017.0,420767
400246,101,N,4,85,69084.0,42.89,392.527,37.386551000000004,-121.97946200000001,0.31,ML,4,Great America Pkwy rm-n-diag,DTA01,L4-N-37-101-04289,998173.0,422656
400253,880,S,4,85,68000.0,2.1,2.1,37.342957,-121.925721,0.305,ML,3,The Alameda rm-s-loop,DT964,L3-S-37-880-00210,880118.0,421387
400257,87,S,4,85,68000.0,2.66,2.65,37.291715,-121.871799,0.27,ML,3,Curtner Ave rm-n-diag,DT641,L3-S-37-087-00266,187110.0,417184
400258,87,N,4,85,68000.0,4.36,4.36,37.313462,-121.886197,0.45,ML,3,Lelong St rm-n-diag,DT649,L3-N-37-087-00436,998109.0,420897
400268,85,N,4,85,68000.0,5.18,5.18,37.255651,-121.858078,0.6,ML,3,SANTA TERESA,DT488,L3-N-37-085-00518,998053.0,420812
400274,237,W,4,85,77000.0,R4.68,4.737,37.409627,-121.997252,0.59,ML,3,oppo Lawrence Expwy,DT847,L3-W-37-237-R0468,998242.0,418916
400278,17,S,4,85,44112.0,10.2,22.753,37.266560999999996,-121.948692,1.42,ML,3,San Tomas Expwy rm-s-diag,DT482,L3-S-37-017-01020,998019.0,421187
400280,87,N,4,85,68000.0,.45,0.45,37.26198,-121.858479,0.475,ML,2,Santa Teresa Blvd / NB 85,DT624,L2-N-37-087-00045,998095.0,417782
400292,280,S,4,85,68000.0,5.78,7.162000000000001,37.316378,-121.972052,1.14,ML,4,Saratoga ave  rm-s-diag,DT597,L4-S-37-280-00578,998251.0,419400
400296,237,E,4,85,68000.0,8.03,8.082,37.420359000000005,-121.93915,0.53,ML,3,oppo Zanker Rd  rm-w-loop,DT822,L3-E-37-237-00803,998236.0,420572
400298,17,S,4,85,10340.0,12.24,24.793000000000003,37.293046999999994,-121.93786100000001,1.095,ML,3,Hamilton Ave rm-s-diag,DT269,L3-S-37-017-01224,998023.0,421192
400330,101,S,4,85,77000.0,45.63,395.30300000000005,37.398628,-122.026802,0.31,ML,4,Mathilda Ave. rm-s-diag,DT739,L4-S-37-101-04563,998189.0,424594
400336,85,N,4,85,68000.0,9.1,9.1,37.250624,-121.92820900000001,0.6,ML,4,Union Ave rm-s-diag,DT539,L4-N-37-085-00910,998068.0,422464
400343,880,N,4,85,68000.0,2.7,2.7,37.348907000000004,-121.917833,0.735,ML,3,Coleman Ave rm-n-diag,DT082,L3-N-37-880-00270,998303.0,420997
400353,101,N,4,85,68000.0,42.19,391.827,37.383125,-121.967496,0.3,ML,4,San Tomas Expwy rm-n-diag,DTB84,L4-N-37-101-04219,998169.0,422644
400372,101,S,4,85,69084.0,42.58,392.25300000000004,37.38482,-121.974251,0.45,ML,4,Great America Pkwy rm-s-loop,DT515,L4-S-37-101-04258,998171.0,424564
400394,101,S,4,85,68000.0,38.35,388.023,37.364382,-121.90269199999999,0.28,ML,5,SB 880 rm-s-loop,DT192,L5-S-37-101-03835,998147.0,427043
400400,101,N,4,85,68000.0,35.11,384.74300000000005,37.34241,-121.85454299999999,0.3,ML,4,SB 680  rm-n-diag,DT516,L4-N-37-101-03511,998137.0,422590
400414,280,N,4,85,68000.0,6.09,7.472,37.317941999999995,-121.977301,1.435,ML,4,Saratoga Ave rm-n-diag,DT598,L4-N-37-280-00609,998253.0,422752
400418,87,N,4,85,68000.0,2.66,2.66,37.291828,-121.87183600000002,0.37,ML,3,Curtner Ave rm-n-diag,DT641,L3-N-37-087-00266,387109.0,417417
400429,280,S,4,85,68000.0,6.98,8.362,37.319424,-121.993175,1.22,ML,4,LAWRENCE EXPWY,DT897,L4-S-37-280-00698,998255.0,419406
400435,101,S,4,85,77000.0,46.81,396.483,37.403153,-122.047463,0.65,ML,4,Ellis St rm-s-diag,DT085,L4-S-37-101-04681,998195.0,424618
400436,17,N,4,85,10340.0,10.57,23.123,37.271687,-121.94703700000001,0.905,ML,3,Camden Ave rm-n-diag,DT267,l3-N-37-017-01057,998021.0,420772
400440,101,S,4,85,68000.0,36.11,385.779,37.353727,-121.865827,0.48200000000000004,ML,4,Mckee Rd/Julian St rm-s-diag,DTA42,L4-S-37-101-03611,102154.0,424534
400449,237,W,4,85,68000.0,7.11,7.162000000000001,37.419452,-121.95549799999999,0.665,ML,3,N First St,DT814,L3-W-37-237-00711,998234.0,418936
400457,87,S,4,85,68000.0,1.53,1.52,37.276763,-121.86366100000001,0.245,ML,2,Capitol Expwy  rm-n-diag,DT637,L2-S-37-087-00153,998100.0,417962
400461,85,N,4,85,68000.0,6.34,6.34,37.254781,-121.87891699999999,0.94,ML,3,ALMADEN EXPWY  RM-N-DIA,DT522,L3-N-37-085-00634,998061.0,420827
400464,85,N,4,85,44112.0,10.88,11.056,37.258029,-121.96221100000001,0.345,ML,3,SB 17& NB 17 rm-n-diag,DT571,L3-N-37-085-01088,998077.0,420857
400479,880,S,4,85,68000.0,3.94,3.94,37.362439,-121.90321100000001,0.245,ML,4,SB 101 rm-s-diag,DTA65,L4-S-37-880-00394,998311.0,421417
400485,85,N,4,85,68000.0,10.29,10.29,37.254231,-121.94921599999999,0.608,ML,3,SB 17/NB 17 rm-s-diag,DT558,L3-N-37-085-01029,998074.0,420847
400499,280,N,4,85,17610.0,8.42,9.802,37.331068,-122.014931,0.95,ML,4,WOLFE RD,DT899,L4-N-37-280-00842,998261.0,422764
400507,85,N,4,85,68000.0,15.67,15.845999999999998,37.298931,-122.02980600000001,0.515,ML,3,oppo De Anza Blvd rm-s-diag,DT602,L3-N-37-085-01567,998086.0,420872
400508,880,S,4,85,68000.0,2.55,2.55,37.34766,-121.919969,0.31,ML,3,Coleman Ave rm-s-diag,DT968,L3-S-37-880-00255,880124.0,421392
400514,880,S,4,85,68000.0,1.28,1.28,37.334602000000004,-121.93628799999999,0.345,ML,3,Bascom Ave rm-s-loop,DT954,L3-S-37-880-00128,880112.0,421377
400519,85,S,4,85,68000.0,4.87,4.87,37.255257,-121.85256000000001,0.505,ML,3,SANTA TERESA,DT480,L3-S-37-085-00487,998049.0,421222
400528,85,S,4,85,49670.0,22.49,22.666,37.388892999999996,-122.06882900000001,0.375,ML,3,EAST EVELYN AVE,DT608,L3-S-37-085-02249,998091.0,421297
400545,101,S,4,85,77000.0,46.02,395.69300000000004,37.40013,-122.03362800000001,0.545,ML,4,EB 237 rm-s-diag,DT221,L4-S-37-101-04602,998193.0,424606
400560,280,N,4,85,69084.0,7.63,9.012,37.324839000000004,-122.00289099999999,1.165,ML,4,Stevens Creek Blvd  rm-n-diag,DT898,l4-N-37-280-00763,998257.0,422758
400563,87,N,4,85,68000.0,5.26,5.26,37.325124,-121.89306200000001,0.33,ML,3,Auzerais Ave/Delmas St,DT667,L3-N-37-087-00526,998114.0,417433
400567,237,E,4,85,68000.0,6.7,6.752000000000001,37.418931,-121.96282099999999,0.467,ML,4,N First St,DT193,L4-E-37-237-00670,998232.0,420414
400581,237,W,4,85,77000.0,2.87,2.927,37.402668,-122.02906899999999,0.6,ML,2,Mathilda Ave rm-w-diag,DT854,L2-W-37-237-00287,998247.0,418901
400582,85,S,4,85,68000.0,13.52,13.696,37.275211999999996,-122.004898,0.93,ML,3,Saratoga Ave rm-s-diag,DT590,L3-S-37-085-01352,998081.0,421272
400586,101,S,4,85,68000.0,40.75,390.423,37.376835,-121.94253700000002,0.6,ML,4,Trimble Rd. rm-s-loop,DT716,L4-S-37-101-04075,998159.0,424552
400637,85,S,4,85,68000.0,5.05,5.05,37.255322,-121.85576499999999,0.18,ML,3,SANTA TERESA,DT484,L3-S-37-085-00505,998051.0,421227
400643,101,S,4,85,77000.0,43.79,393.463,37.390763,-121.99491200000001,0.49,ML,4,Lawrence Expwy. rm-s-loop,DT737,L4-S-37-101-04379,998179.0,424576
400648,85,S,4,85,68000.0,16.06,16.236,37.303016,-122.034801,0.91,ML,3,De Anza Blvd/Saratoga-Sunny,DT606,L3-S-37-085-01606,998088.0,421287
400649,17,N,4,85,44112.0,9.06,21.613000000000003,37.251740999999996,-121.958118,0.85,ML,2,LARK AVE,DT185,L2-N-37-017-00906,998009.0,417770
400654,87,N,4,85,68000.0,3.07,3.07,37.297486,-121.874117,0.44,ML,3,Curtner Ave  rm-n-diag,DT645,L3-N-37-087-00307,87111.0,417421
400664,87,N,4,85,68000.0,3.54,3.54,37.303458,-121.878143,0.465,ML,3,Almaden Expwy  rm-n-diag,DT646,L3-N-37-087-00354,998107.0,417425
400665,680,S,4,85,68000.0,.2,0.19,37.341439,-121.849299,0.188,ML,4,King Rd rm-s-diag,DT593,L4-S-37-680-00020,998279.0,419442
400668,101,N,4,85,68000.0,36.22,385.853,37.35512,-121.86696699999999,0.382,ML,4,Mckee Rd/Julian St  rm-n-diag,DT811,L4-N-37-101-03622,101157.0,422602
400673,280,S,4,85,17610.0,8.31,9.692,37.329972,-122.013423,0.545,ML,4,Wolfe Rd rm-s-loop,DT923,L4-S-37-280-00831,998265.0,419418
400677,85,N,4,85,17610.0,17.49,17.666,37.320009999999996,-122.04875700000001,0.95,ML,4,Stevens Creek Blvd  rm-s-diag,DT607,L4-N-37-085-01749,998090.0,422482
400687,237,W,4,85,77000.0,R4.47,4.527,37.408833,-122.00098899999999,0.415,ML,3,Lawrence Expwy rm-w-diag,DT842,L3-W-37-237-R0447,998239.0,418911
400688,85,N,4,85,44112.0,11.16,11.335999999999999,37.259412,-121.966974,0.595,ML,4,Winchester Blvd  rm-n-diag,DT574,L4-N-37-085-01116,998079.0,422470
400690,85,S,4,85,68000.0,6.22,6.22,37.255184,-121.87681699999999,0.935,ML,3,ALMADEN EXPWY,DT518,L3-S-37-085-00622,998059.0,421237
400700,85,S,4,85,,9.43,9.43,37.251345,-121.93408899999999,0.485,ML,3,Union Ave  rm-n-diag,DT541,L3-S-37-085-00943,998070.0,421252
400709,880,S,4,85,68000.0,1.94,1.94,37.341275,-121.927699,0.41,ML,4,The Alameda rm-s-diag,DT961,L4-S-37-880-00194,880116.0,421382
400713,85,N,4,85,,9.43,9.43,37.251585,-121.934046,0.595,ML,3,Union Ave  rm-n-diag,DT541,L3-N-37-085-00943,998069.0,420842
400714,280,N,4,85,68000.0,4.76,6.142,37.316788,-121.95351200000002,0.695,ML,4,Winchester Blvd rm-n-diag,DT858,l4-N-37-280-00476,998249.0,422746
400715,17,N,4,85,44112.0,9.4,21.953000000000003,37.256205,-121.95535500000001,0.245,ML,2,SB 85 rm-n-conn,DT244,L2-N-37-017-00940,998013.0,417774
400717,85,S,4,85,68000.0,8.23,8.23,37.250424,-121.91246699999999,0.565,ML,4,Camden Ave rm-n-diag,DT533,L4-S-37-085-00823,998066.0,419892
400723,880,S,4,85,68000.0,1.25,1.25,37.334296,-121.936706,0.37,ML,4,Bascom Ave rm-s-diag,DT942,L4-S-37-880-00125,998287.0,421372
400743,101,S,4,85,77000.0,45.72,395.39300000000003,37.398989,-122.028373,0.195,ML,4,Mathilda Ave rm-s-loop,DT743,L4-S-37-101-04572,998191.0,424600
400750,85,N,4,85,68000.0,7.97,7.97,37.250746,-121.90776299999999,0.945,ML,3,oppo Camden Ave rm-s-diag,DT529,L3-N-37-085-00797,998064.0,420832
400760,101,N,4,85,68000.0,40.1,389.73699999999997,37.374628,-121.931055,0.53,ML,4,NB 87 rm-n-diag,DTB04,L4-N-37-101-04010,998153.0,422626
400772,85,S,4,85,68000.0,9.1,9.1,37.250448,-121.928226,0.6,ML,3,Union Ave rm-s-diag,DT539,L3-S-37-085-00910,998067.0,421247
400790,101,N,4,85,77000.0,43.98,393.61699999999996,37.391921999999994,-121.998077,0.52,ML,5,Lawrence Expwy rm-n-diag,DT955,L5-N-37-101-04398,998183.0,426532
400792,85,S,4,85,68000.0,10.47,10.645999999999999,37.255491,-121.95554299999999,0.38299999999999995,ML,3,Bascom Ave rm-n-diag,DT569,L3-S-37-085-01047,998076.0,421262
400794,101,S,4,85,77000.0,43.72,393.39300000000003,37.390421999999994,-121.99371599999999,0.245,ML,5,Lawrence Expwy rm-s-diag,DT952,L5-S-37-101-04372,998177.0,427064
400799,280,N,4,85,68000.0,1.59,1.59,37.327927,-121.87613700000001,0.28,ML,4,10TH ST,DT599,L4-N-37-280-00159,998275.0,422722
400804,101,N,4,85,68000.0,34.56,384.19300000000004,37.336089,-121.848437,0.055,ML,4,Story Rd/SB 280 rm-n-coll,DTA66,L4-N-37-101-03456,998135.0,422584
400822,85,N,4,85,68000.0,10.47,10.645999999999999,37.255715,-121.955375,0.38299999999999995,ML,3,Bascom Ave rm-n-diag,DT569,L3-N-37-085-01047,998075.0,420852
400823,280,S,4,85,17610.0,9.31,10.692,37.334249,-122.030111,1.075,ML,4,De Anza Blvd rm-s-diag,DT002,L4-S-37-280-00931,998269.0,422770
400828,85,S,4,85,68000.0,15.67,15.845999999999998,37.298804,-122.03007099999999,0.515,ML,3,De Anza Blvd rm-s-diag,DT602,L3-S-37-085-01567,998085.0,421282
400832,17,S,4,85,44112.0,9.27,21.823,37.254601,-121.956775,0.24,ML,3,SB 85 rm-s-diag,DT219,L3-S-37-017-00927,998011.0,421182
400837,87,S,4,85,68000.0,3.54,3.53,37.303359,-121.87806599999999,0.565,ML,3,Almaden Expwy  rm-n-diag,DT646,L3-S-37-087-00354,998108.0,417589
400842,87,S,4,85,68000.0,.45,0.44,37.261849,-121.859205,0.555,ML,2,Santa Teresa Blvd / NB 85,DT624,L2-S-37-087-00045,998096.0,417950
400863,101,N,4,85,68000.0,39.28,388.917,37.371809000000006,-121.91655,0.43,ML,4,N 1st St rm-n-loop,DT699,L4-N-37-101-03928,998149.0,422614
400869,85,S,4,85,49670.0,23.48,23.656,37.403673,-122.069953,0.8590000000000001,ML,3,Moffett Blvd rm-s-loop,DT614,L3-S-37-085-02348,998093.0,421302
400873,237,E,4,85,68000.0,8.17,8.222000000000001,37.420927,-121.93673999999999,2.57,ML,3,ZANKER RD,DT834,L3-E-37-237-00817,998237.0,420577
400895,101,S,4,85,68000.0,41.79,391.463,37.380958,-121.96074099999998,0.56,ML,5,San Tomas Expwy rm-s-diag,DT722,L5-S-37-101-04179,998163.0,427057
400904,101,S,4,85,77000.0,44.7,394.37300000000005,37.395067,-122.01051799999999,0.54,ML,4,Fair Oaks Ave rm-s-diag,DT738,L4-S-37-101-04470,998185.0,424582
400907,85,S,4,85,44112.0,10.88,11.056,37.257815,-121.96236999999999,0.345,ML,3,SB 17& NB 17 rm-n-diag,DT571,L3-S-37-085-01088,998078.0,421267
400911,101,N,4,85,68000.0,39.59,389.227,37.372673999999996,-121.922087,0.41,ML,4,Brokaw Rd rm-n-diag,DT713,L4-N-37-101-03959,998151.0,422620
400916,87,N,4,85,68000.0,4.9,4.9,37.320403999999996,-121.89031000000001,0.45,ML,3,NB & SB 280  rm-s-conn,DT660,L3-N-37-087-00490,998112.0,420902
400922,101,S,4,85,68000.0,38.17,387.843,37.363644,-121.89953500000001,0.37,ML,5,NB 880 rm-s-diag,DT717,L5-S-37-101-03817,998143.0,427036
400934,85,S,4,85,68000.0,10.29,10.29,37.254002,-121.94936499999999,0.28800000000000003,ML,3,SB 17/NB 17 rm-s-diag,DT558,L3-S-37-085-01029,998073.0,421257
400951,880,N,4,85,,.54,0.54,37.325151,-121.940679,0.51,ML,4,Stevens Creek Blvd,DT938,L4-N-37-880-00054,880103.0,420982
400952,85,N,4,85,70280.0,13.93,14.106,37.279234,-122.01035,0.755,ML,3,Saratoga Ave  rm-n-diag,DT595,L3-N-37-085-01393,998083.0,420867
400953,280,N,4,85,68000.0,1.85,1.85,37.327241,-121.88076000000001,0.23,ML,4,4TH ST/REED ST,DT208,L4-N-37-280-00185,998277.0,422728
400964,101,N,4,85,68000.0,40.65,390.287,37.376684999999995,-121.94075,0.355,ML,3,De La Cruz Blvd rm-n-loop,DT672,l3-N-37-101-04065,998157.0,420957
400965,101,N,4,85,68000.0,37.84,387.477,37.363310999999996,-121.893592,0.83,ML,4,Oakland Rd rm-n-diag,DT683,L4-N-37-101-03784,998141.0,422608
400970,237,E,4,85,77000.0,R4.73,4.787,37.409675,-121.996301,1.16,ML,3,Lawrence Expwy rm-e-coll/diag,DT847,L3-E-37-237-R0473,998241.0,420557
400971,880,S,4,85,68000.0,4.39,4.39,37.368669,-121.90133600000001,0.545,ML,4,Old Bayshore Hwy,DT072,L4-S-37-880-00439,998319.0,421427
400973,237,E,4,85,69084.0,R6.17,6.227,37.417735,-121.972451,0.982,ML,3,Great America Pkwy rm-e-diag,DT852,L3-E-37-237-R0617,998245.0,420562
400995,87,S,4,85,68000.0,4.36,4.35,37.313375,-121.88610600000001,0.45,ML,5,Lelong St rm-n-diag,DT649,L5-S-37-087-00436,998110.0,427015
400996,101,N,4,85,68000.0,35.84,385.473,37.350928,-121.862378,0.51,ML,4,Alum Rock Ave  rm-n-diag,DT794,L4-N-37-101-03584,998227.0,422596
401014,237,W,4,85,68000.0,8.03,8.082,37.420505,-121.9392,0.53,ML,3,ZANKER RD,DT822,L3-W-37-237-00803,998235.0,418941
401129,87,N,4,85,68000.0,.68,0.68,37.265284,-121.85897299999999,0.275,ML,4,200' S of Branham Lane,DT126,L4-N-37-087-00068,187103.0,417790
401154,87,S,4,85,68000.0,.68,0.67,37.265167,-121.85895900000001,0.3,ML,3,oppo 200' S of Branham Lane,DT126,L3-S-37-087-00068,287104.0,417954
401163,280,S,4,85,68000.0,4.47,4.47,37.316756,-121.92318600000002,0.55,ML,5,LEIGH AVE OC,DT881,L5-S-37-280-00447,280312.0,427078
401167,280,N,4,85,68000.0,4.47,4.47,37.316984000000005,-121.923208,0.315,ML,5,Leigh Ave OC,DT881,L5-N-37-280-00447,280310.0,426567
401210,85,N,4,85,70280.0,15.03,15.206,37.291198,-122.02339099999999,0.87,ML,3,200' N of Blue Hills POC,DT190,L3-N-37-085-01503,85101.0,422476
401224,85,S,4,85,70280.0,15.03,15.206,37.291053999999995,-122.02363799999999,0.87,ML,3,200' N of Blue Hills POC,DT190,L3-S-37-085-01503,85102.0,419910
401327,280,S,4,85,68000.0,3.97,3.97,37.315095,-121.914498,0.23,ML,4,400' S OF MERIDIAN AVE,DT605,L4-S-37-280-00397,998877.0,419388
401351,237,W,4,85,77000.0,2.65,2.707,37.401701,-122.03287900000001,2.61,ML,2,WB 237  TO NB101,DT591,L2-W-37-237-00265,998896.0,418150
401388,280,S,4,85,68000.0,4.7,6.082000000000001,37.316628,-121.95243799999999,0.841,ML,4,BASCOM & LELAND,DT195,L4-S-37-280-00470,280318.0,419394
401391,280,S,4,85,68000.0,.18,0.18,37.337881,-121.85467,0.37,ML,2,US 101 IC (McLaughlin Ave),DT906,C2-S-37-280-00018,280314.0,417621
401400,280,N,4,85,68000.0,4.7,6.082000000000001,37.316841,-121.952427,0.406,ML,6,Bascom & Leland,DTB40,L6-N-37-280-00470,280317.0,422740
401403,280,N,4,85,68000.0,.18,0.18,37.338232,-121.854583,0.23,ML,2,US 101 IC (McLaughlin Ave),DT906,C2-N-37-280-00018,280313.0,417453
401440,880,S,4,85,68000.0,3.44,3.44,37.356826,-121.908804,0.445,ML,4,N First St rm-s-diag,DT226,L4-S-37-880-00344,998916.0,421407
401457,87,S,4,85,68000.0,1.73,1.72,37.279515,-121.86478400000001,0.295,ML,4,oppo Hillsdale Ave,DT128,L4-S-37-087-00173,87108.0,417569
401464,880,N,4,85,47766.0,8.36,8.36,37.424833,-121.916049,0.225,ML,4,EB 237 rm-n-loop,DT685,L4-N-37-880-00836,998947.0,421027
401489,880,N,4,85,47766.0,8.55,8.55,37.427486,-121.91696200000001,0.205,ML,4,Calaveras Blvd rm-n-diag,DT686,L4-N-37-880-00855,998948.0,421032
401495,85,S,4,85,68000.0,5.23,5.23,37.255346,-121.85898,0.525,ML,4,Santa Teresa rm-n-diag,DT973,L4-S-37-085-00523,998999.0,419886
401507,101,N,4,85,49670.0,48.69,398.327,37.412677,-122.07953899999998,0.365,ML,6,SHORELINE BLVD,DT765,L6-N-37-101-04869,999000.0,423610
401534,101,N,4,85,49670.0,47.83,397.467,37.407511,-122.065278,0.455,ML,4,MOFFETT BLVD,DT762,L4-N-37-101-04783,999003.0,422704
401541,880,N,4,85,68000.0,4.5,4.5,37.370203000000004,-121.90151399999999,0.53,ML,3,Gish Rd rm-n-diag,DT094,L3-N-37-880-00450,999036.0,421017
401555,85,N,4,85,68000.0,5.23,5.23,37.255657,-121.858984,0.455,ML,3,Santa Teresa rm-n-diag,DT973,L3-N-37-085-00523,998998.0,420817
401560,880,N,4,85,68000.0,3.51,3.51,37.357526,-121.90788400000001,0.455,ML,3,1st St rm-n-loop,DT970,L3-N-37-880-00351,999001.0,421002
401567,87,N,4,85,68000.0,1.73,1.73,37.279628,-121.86483799999999,0.295,ML,4,Hillsdale Ave,DT128,L4-N-37-087-00173,87107.0,417405
401597,87,N,4,85,68000.0,2.33,2.33,37.2874,-121.869623,0.27,ML,3,900' S of Carol Dr,DT129,L3-N-37-087-00233,999048.0,417409
401606,87,S,4,85,68000.0,2.33,2.32,37.287298,-121.869548,0.27,ML,3,oppo 900' S of Carol Dr,DT129,L3-S-37-087-00233,999049.0,417573
401611,880,S,4,85,,.11,0.11,37.318919,-121.940307,0.325,ML,3,Stevens Creek Blvd,DT887,L3-S-37-880-00011,999052.0,421367
401655,280,N,4,85,68000.0,R.48,0.48,37.335596,-121.858919,0.19,ML,5,McLaughlin Ave rm-n-loop/diag,DTA89,L5-N-37-280-R0048,280315.0,422716
401808,280,N,4,85,68000.0,R.56,0.56,37.334883000000005,-121.86006599999999,0.405,ML,6,oppo McLaughlin Ave off-s-diag,DT588,L6-N-37-280-R0056,999062.0,423618
401809,280,S,4,85,68000.0,R.56,0.56,37.334524,-121.860098,0.555,ML,6,McLaughlin Ave off-s-diag,DT588,L6-S-37-280-R0056,999063.0,423786
401810,280,N,4,85,68000.0,2.05,2.05,37.32592,-121.88398899999999,0.235,ML,5,N of 1st St,DT589,L5-N-37-280-00205,999064.0,426553
401811,280,S,4,85,68000.0,R2.05,2.05,37.325651,-121.883953,0.215,ML,5,N OF 1ST STREET,DT589,L5-S-37-280-00205,999065.0,427071
401816,87,S,4,85,,9.04,9.03,37.371159999999996,-121.92688500000001,0.413,ML,2,Guapalupe Parkway,DTA59,L2-S-37-087-00904,999108.0,417609
401817,87,N,4,85,,9.04,9.04,37.371274,-121.92691699999999,0.405,ML,4,Guapalupe Parkway,DTA59,L4-N-37-087-00904,999109.0,422500
401845,280,N,4,85,17610.0,11.01,12.392000000000001,37.332668,-122.06062800000001,1.685,ML,4,SB 280 / NB 85 & NB 280 / SB85,DT609,L4-N-37-280-01101,280160.0,422776
401846,280,S,4,85,17610.0,11.01,12.392000000000001,37.332482,-122.060617,1.22,ML,4,SB 280/NB 85 & NB 280/SB85,DT609,L4-S-37-280-01101,280161.0,419430
401890,101,N,4,85,68000.0,35.2,384.833,37.343447,-121.855539,0.365,ML,5,200' S OF SAN ANTONIO,DT573,L5-N-37-101-03520,101558.0,426511
401891,101,S,4,85,68000.0,35.2,384.869,37.343293,-121.855795,0.57,ML,5,200' S of San Antonio,DT573,L5-S-37-101-03520,101559.0,427029
401906,101,S,4,85,68000.0,34.5,384.16900000000004,37.335259,-121.848031,0.6,ML,4,S of Story Rd. off ramp,DT095,L4-S-37-101-03450,101560.0,424522
401908,101,N,4,85,68000.0,34.49,384.12300000000005,37.335284,-121.84766200000001,0.28,ML,4,Story Rd. off-n-diag,DT099,L4-N-37-101-03449,101562.0,422578
401926,101,S,4,85,49670.0,48.62,398.293,37.411999,-122.078452,0.145,ML,4,Shoreline Blvd. rm-s-loop,DT962,L4-S-37-101-04862,997104.0,424642
401936,101,S,4,85,49670.0,47.82,397.49300000000005,37.407282,-122.06515,0.6,ML,4,Moffett Blvd rm-s-diag,DT222,L4-S-37-101-04782,101567.0,424630
401937,101,S,4,85,49670.0,48.52,398.19300000000004,37.411338,-122.076826,0.385,ML,4,Shoreline Blvd rm-s-diag,DT767,L4-S-37-101-04852,998204.0,424636
401942,280,N,4,85,68000.0,R2.85,2.85,37.322594,-121.89785800000001,0.1,ML,6,BIRD AVE,DT883,L6-N-37-280-00285,101571.0,423626
401943,280,S,4,85,68000.0,R2.85,2.85,37.322361,-121.8978,0.065,ML,4,Bird Ave,DT883,L4-S-37-280-00285,101572.0,419376
401948,101,N,4,85,49670.0,48.21,397.847,37.409514,-122.07172800000001,0.43,ML,5,MOFFETT BLVD,DTA67,L5-N-37-101-04821,101581.0,426539
401957,87,N,4,85,68000.0,1.05,1.05,37.270311,-121.861079,0.275,ML,3,2200' S of Capital Expwy,DT127,L3-N-37-087-00105,683225.0,420892
401958,87,S,4,85,68000.0,1.05,1.04,37.270209,-121.860998,0.28,ML,3,oppo 2200' S of Capital expwy,DT127,L3-S-37-087-00105,683226.0,421307
401994,101,N,4,85,69084.0,42.68,392.31699999999995,37.385523,-121.975872,0.35,ML,4,GREAT AMERICA PKWY,DTA80,L4-N-37-101-04268,997147.0,422650
401996,101,N,4,85,77000.0,45,394.63699999999994,37.396411,-122.015716,0.35,ML,4,FAIR OAKS,DTA82,L4-N-37-101-04500,997151.0,422674
401997,101,N,4,85,77000.0,45.57,395.207,37.398596999999995,-122.02569299999999,0.595,ML,4,MATHILDA AVE,DTA83,L4-N-37-101-04557,997153.0,422680
401998,101,N,4,85,49670.0,47.02,396.657,37.404178,-122.05107,0.555,ML,4,Ellis Street rm-n-diag,DTA84,L4-N-37-101-04702,997155.0,422692
402056,87,N,4,85,68000.0,5.56,5.56,37.328953999999996,-121.89564299999999,0.45,ML,3,PARK AVE,DTA85,L3-N-37-087-00556,101623.0,420907
402057,87,S,4,85,68000.0,6.09,6.08,37.336401,-121.89756299999999,0.44,ML,4,JULIAN ST,DTA86,L4-S-37-087-00609,101625.0,419922
402058,87,S,4,85,68000.0,6.14,6.13,37.337137,-121.897741,0.305,ML,3,JULIAN ST,DTA87,L3-S-37-087-00614,101627.0,421312
402059,87,N,4,85,68000.0,6.16,6.16,37.337478999999995,-121.897848,0.57,ML,4,JULIAN ST RM-IN-DIAG,DTA88,L4-N-37-087-00616,101629.0,422494
402060,85,N,4,85,,20.2,20.375999999999998,37.356654999999996,-122.062397,0.355,ML,3,N OF FREMONT AVE,DT736,L3-N-37-085-02020,101603.0,420882
402061,85,S,4,85,,20.2,20.375999999999998,37.356615999999995,-122.06262,0.41,ML,3,N OF FREMONT AVE,DT736,L3-S-37-085-02020,101604.0,421292
402067,280,S,4,85,68000.0,R2.97,2.97,37.321366999999995,-121.899571,0.535,ML,4,oppo Bird Ave off-n-diag,DT880,L4-S-37-280-R0297,998879.0,419382
402117,87,S,4,85,68000.0,6.7,6.69,37.344302,-121.902123,1.045,ML,3,Taylor St rm-s-diag,DT206,L3-S-37-087-00670,997188.0,417605
402118,87,N,4,85,68000.0,6.7,6.7,37.344411,-121.902181,0.47,ML,3,Taylor Street,DT206,L3-N-37-087-00670,997189.0,417437
402119,880,S,4,85,47766.0,8.1,8.1,37.421182,-121.91503600000001,0.885,ML,4,Calaveras Blvd/EB 237,DTB93,L4-S-37-880-00810,997190.0,419460
402120,880,S,4,85,68000.0,6.54,6.54,37.399227,-121.908515,0.375,ML,4,Montague Expressway,DTB92,L4-S-37-880-00654,997191.0,421437
402121,880,S,4,85,68000.0,5.22,5.22,37.380274,-121.90406100000001,0.555,ML,4,Brokaw Rd rm-s-diag,DTB91,L4-S-37-880-00522,997192.0,421432
402281,880,N,4,85,68000.0,5.5,5.5,37.38449,-121.904845,0.365,ML,4,4A5324 loc 91,DS703,N4-N-37-880-00550,991115.0,428891
402282,880,S,4,85,68000.0,5.5,5.5,37.384485,-121.90504399999999,0.39,ML,4,4A5324 loc 91,DS703,N4-S-37-880-00550,991116.0,429036
402283,880,N,4,85,68000.0,6,6.0,37.391595,-121.90650600000001,0.5,ML,4,4A5324 loc 92,DS704,N4-N-37-880-00600,991117.0,428896
402284,880,S,4,85,68000.0,6,6.0,37.391557,-121.90671,0.375,ML,4,4A5324 loc 92,DS704,N4-S-37-880-00600,991118.0,429041
402285,880,N,4,85,68000.0,6.5,6.5,37.398697999999996,-121.908172,0.43,ML,4,4A5324 loc 93,DS705,N4-N-37-880-00650,991119.0,428901
402286,880,N,4,85,68000.0,7,7.0,37.405823999999996,-121.909842,0.395,ML,5,4A5324 loc 94,DS706,N5-N-37-880-00700,991120.0,427638
402287,880,S,4,85,47766.0,7,7.0,37.405777,-121.910072,0.495,ML,5,4A5324 loc 94,DS706,N5-S-37-880-00700,991121.0,427926
402359,101,N,4,85,68000.0,34,383.63300000000004,37.329728,-121.842102,0.61,ML,4,4A5324 loc 62,DS754,N4-N-37-101-03400,991193.0,427560
402360,101,S,4,85,68000.0,34,383.66900000000004,37.329591,-121.84236100000001,0.65,ML,5,4A5324 loc 62,DS754,N5-S-37-101-03400,991194.0,425073
402361,101,N,4,85,68000.0,34.6,384.233,37.336549,-121.848881,0.275,ML,4,4A5324 LOC 64,DS755,N4-N-37-101-03460,991195.0,427566
402362,101,N,4,85,68000.0,36.6,386.23699999999997,37.358996000000005,-121.871981,0.812,ML,4,4A5324 loc 65,DS756,N4-N-37-101-03660,991196.0,427572
402363,101,S,4,85,68000.0,36.6,386.273,37.3588,-121.87209399999999,0.752,ML,4,4A5324 loc 65,DS756,N4-S-37-101-03660,991197.0,427878
402364,101,N,4,85,68000.0,38.73,388.36699999999996,37.368103999999995,-121.90788,0.455,ML,4,4A5324 loc 66,DS757,N4-N-37-101-03873,991198.0,427578
402365,101,S,4,85,68000.0,38.73,388.403,37.367859,-121.90797099999999,1.12,ML,5,4A5324 loc 66,DS757,N5-S-37-101-03873,991199.0,425080
402366,101,N,4,85,69084.0,43.3,392.93699999999995,37.388542,-121.986478,0.47,ML,4,4A5324 loc 68,DS758,N4-N-37-101-04330,991200.0,427584
402367,101,S,4,85,69084.0,43.3,392.973,37.388372,-121.986538,0.475,ML,4,4A5324 loc 68,DS758,N4-S-37-101-04330,991201.0,427884
402370,101,N,4,85,77000.0,44.87,394.50699999999995,37.395920000000004,-122.013438,0.51,ML,4,4A5324 LOC 70,DS760,N4-N-37-101-04487,991204.0,427596
402371,101,S,4,85,77000.0,45.1,394.773,37.396611,-122.017518,0.38,ML,4,4A5324 LOC 71,DS761,N4-S-37-101-04510,991205.0,427896
402372,101,N,4,85,49670.0,47.3,396.93699999999995,37.40547,-122.055924,0.405,ML,4,4A5324 loc 72,DS762,N4-N-37-101-04730,991206.0,427602
402373,101,S,4,85,49670.0,47.32,396.99300000000005,37.405335,-122.056343,0.505,ML,4,4A5324 loc 72,DS762,N4-S-37-101-04732,991207.0,427902
403225,880,S,4,85,68000.0,2.75,2.75,37.349517,-121.91728,0.36,ML,3,Airport Blvd rm-s-diag,DT378,L3-S-37-880-00275,997250.0,421402
403265,880,S,4,85,68000.0,2.72,2.72,37.349229,-121.917686,0.1,ML,3,Coleman Ave rm-s-loop,DTA94,L3-S-37-880-00272,997251.0,421397
403329,17,N,4,85,10340.0,10.47,23.023000000000003,37.270267,-121.947353,0.51,ML,3,Camden Ave rm-n-loop,DTB25,L3-N-37-017-01047,997278.0,430594
403401,280,S,4,85,68000.0,1.29,1.29,37.328484,-121.870843,0.48,ML,4,S 11th St rm-s-diag,DTB11,L4-S-37-280-00129,996024.0,431071
403402,280,N,4,85,68000.0,1.29,1.29,37.328720000000004,-121.870796,0.515,ML,5,oppo S 11th St rm-s-diag,DTB11,L5-N-37-280-00129,996025.0,431072
403404,280,S,4,85,68000.0,1.52,1.52,37.327807,-121.874899,0.36,ML,4,S 7th St rm-s-diag,DTB12,L4-S-37-280-00152,996023.0,431069
403406,280,S,4,85,68000.0,2.01,2.01,37.32592,-121.88331399999998,0.265,ML,5,S 1st St rm-s-loop,DTB13,L5-S-37-280-00201,996022.0,431067
403409,280,S,4,85,68000.0,2.44,2.44,37.324015,-121.89067299999999,0.395,ML,5,NB 87/SB 87 rm-s-,DTB14,L5-S-37-280-00244,996021.0,431037
403412,280,S,4,85,68000.0,2.84,2.84,37.32243,-121.89764,0.205,ML,4,Bird Ave rm-s-diag,DTB15,L4-S-37-280-00284,996020.0,431034
403414,280,S,4,85,68000.0,3.92,3.92,37.314844,-121.913648,0.5,ML,4,Southwest Expwy/Meridian Ave,DTB16,L4-S-37-280-00392,996019.0,431014
403419,280,S,4,85,68000.0,4.38,4.38,37.316765999999994,-121.921548,0.25,ML,4,Menker Ave rm-s-diag,DTB17,L4-S-37-280-00438,996018.0,431000
404370,17,N,4,85,10340.0,12.46,25.013,37.296028,-121.939132,1.579,ML,4,Hamilton Ave rm-n-diag,DT909,L4-N-37-017-01246,998029.0,422458
404434,85,N,4,85,10340.0,12.07,12.245999999999999,37.265521,-121.98154,1.18,ML,3,N of Winchester Blvd.,DR512,U3-N-37-085-01207,980735.0,433194
404435,85,N,4,85,17610.0,17.96,18.136,37.326592,-122.050852,0.435,ML,3,0.42 Mile S of I-280,DR513,U3-N-37-085-01796,980736.0,433200
404444,85,S,4,85,10340.0,12.07,12.245999999999999,37.265311,-121.98169399999999,1.18,ML,3,N of Winchester Blvd.,DR512,U3-S-37-085-01207,981735.0,433195
404451,87,N,4,85,68000.0,1.23,1.23,37.27263,-121.862544,0.24,ML,3,oppo Capitol expwy rm-s-diag,DTB99,L3-N-37-087-00123,998098.0,417794
404452,87,N,4,85,68000.0,2.12,2.12,37.284773,-121.867709,0.3,ML,2,1600' N of Hillsdale Ave,DT198,L2-N-37-087-00212,187109.0,417413
404453,87,N,4,85,68000.0,4,4.0,37.309111,-121.88259599999999,0.41,ML,3,600' S of Alma Ave,DT130,L3-N-37-087-00400,187115.0,417429
404461,87,S,4,85,68000.0,4,3.99,37.309012,-121.88251799999999,0.41,ML,4,600' S of Alma Ave,DT130,L4-S-37-087-00400,87118.0,417593
404462,87,S,4,85,68000.0,1.24,1.23,37.272658,-121.86255600000001,0.24,ML,3,Capitol expwy rm-s-diag,DTB99,L3-S-37-087-00124,998097.0,417958
404521,101,N,4,85,68000.0,42.08,391.717,37.382585999999996,-121.965617,0.69,ML,4,San Tomas Expwy  rm-n-loop,DT238,l4-N-37-101-04208,998167.0,422638
404522,101,N,4,85,77000.0,46.19,395.827,37.400971999999996,-122.036547,0.725,ML,4,NB 101 to WB 237 I/C,DT816,L4-N-37-101-04619,998894.0,422686
404553,101,S,4,85,77000.0,44.87,394.543,37.395734000000004,-122.01348899999999,0.2,ML,4,Fair Oaks Ave rm-s-loop,DTB85,L4-S-37-101-04487,998187.0,424588
404585,237,E,4,85,77000.0,R3.85,3.907,37.406298,-122.011605,2.94,ML,3,Fair Oaks Ave. off-e-diag,DT592,L3-E-37-237-R0385,998898.0,420552
404586,237,W,4,85,77000.0,R3.85,3.907,37.406475,-122.01162099999999,0.8,ML,3,oppo Fair Oaks Ave. off-e-diag,DT592,L3-W-37-237-R0385,998899.0,418906
404640,280,S,4,85,17610.0,10.46,11.842,37.333349,-122.05085700000001,0.85,ML,4,SB & NB 85,DTA91,L4-S-37-280-01046,998271.0,419424
404753,101,N,4,85,68000.0,38.37,388.00699999999995,37.364689,-121.90298899999999,0.235,ML,5,oppo NB 101 rm-s-loop,DT231,L5-N-37-101-03837,998316.0,426581
404759,880,S,4,85,68000.0,4.13,4.13,37.365167,-121.901551,0.225,ML,4,NB 101 rm-s-loop,DT231,L4-S-37-880-00413,998315.0,421422
405613,87,N,4,85,68000.0,.5,0.5,37.262704,-121.85853300000001,0.115,ML,2,SB 85 rm-n-conn,DT967,L2-N-37-087-00050,998936.0,417786
405619,87,S,4,85,68000.0,2.12,2.11,37.284665000000004,-121.867631,0.3,ML,2,1600' N of Hillsdale Ave,DT198,L2-S-37-087-00212,387110.0,417577
405701,280,N,4,85,68000.0,4.54,4.54,37.316969,-121.924481,0.43,ML,5,Menker Ave rm-n-slip,DTB39,L5-N-37-280-00454,997288.0,431504
407150,680,N,4,85,47766.0,7.1,7.09,37.427274,-121.88443600000001,0.475,ML,4,oppo S of Wrigley Way,DT0C9,L4-N-37-680-00710,999497.0,437728
407151,680,N,4,85,68000.0,6.63,6.62,37.420741,-121.882093,0.4,ML,4,oppo N of Landess Ave,DT0C8,L4-N-37-680-00663,999496.0,437770
407152,680,N,4,85,68000.0,6.3,6.29,37.416073,-121.880751,0.46,ML,4,Landess Ave rm-n-diag,DT0C7,L4-N-37-680-00630,999495.0,437773
407153,680,N,4,85,,5.02,5.01,37.398059,-121.87521100000001,0.365,ML,4,oppo N Capitol Ave rm-s-diag,DT0C3,L4-N-37-680-00502,999492.0,437847
407155,680,N,4,85,68000.0,4.49,4.48,37.391513,-121.87037600000001,0.54,ML,4,Hotstteter Rd rm-s-loop/diag,DT0C2,L4-N-37-680-00449,999491.0,437860
407157,680,N,4,85,,3.94,3.93,37.385475,-121.86383899999998,0.535,ML,4,Berryessa Rd rm-n-diag,DT0C1,L4-N-37-680-00394,999490.0,437862
407161,680,N,4,85,68000.0,5.71,5.7,37.40777,-121.878234,0.54,ML,4,N of N Capitol Ave,DT0C5,L4-N-37-680-00571,999494.0,437800
407165,680,N,4,85,68000.0,.48,0.47,37.344023,-121.845368,0.39,ML,6,S. King Rd rm-n-diag,DT0A8,L6-N-37-680-00048,999512.0,437702
407172,680,N,4,85,68000.0,.25,0.24,37.341738,-121.84836899999999,0.248,ML,4,S. King Rd off-n-diag,DT0A7,L4-N-37-680-00025,999484.0,437683
407173,680,N,4,85,68000.0,.28,0.27,37.342007,-121.847982,0.115,ML,3,S. King Rd off-n-diag,DT0A7,L3-N-37-680-00028,999479.0,437689
407174,680,N,4,85,68000.0,5.22,5.21,37.40088,-121.876103,0.345,ML,4,N Capitol Ave rm-n-diag,DT0C4,L4-N-37-680-00522,999493.0,437820
407176,680,N,4,85,68000.0,1.66,1.65,37.358523,-121.840267,0.185,ML,4,Alum Rock Rd rm-n-loop,DT0B4,L4-N-37-680-00166,999486.0,437830
407177,680,N,4,85,68000.0,1.79,1.78,37.360223,-121.84128500000001,0.39,ML,4,Alum Rock Rd rm-n-diag,DT0B5,L4-N-37-680-00179,999483.0,440248
407179,680,N,4,85,,2.44,2.43,37.368611,-121.84660900000002,0.51,ML,4,McKee Rd rm-n-diag,DT0B7,L4-N-37-680-00244,999487.0,437909
407180,680,N,4,85,,2.81,2.8,37.372785,-121.850839,0.49,ML,4,N of McKee Rd,DT0B8,L4-N-37-680-00281,999488.0,437922
407181,680,N,4,85,,3.42,3.41,37.379684000000005,-121.85778300000001,0.565,ML,4,oppo S of Berryessa Rd,DT0B9,L4-N-37-680-00342,999489.0,437933
407184,680,S,4,85,47766.0,7.1,7.09,37.427403000000005,-121.884848,0.475,ML,4,S of Wrigley Way,DT0C9,L4-S-37-680-00710,999510.0,437719
407185,680,S,4,85,68000.0,6.63,6.62,37.420881,-121.882423,0.525,ML,4,N of Landess Ave,DT0C8,L4-S-37-680-00663,999509.0,437758
407186,680,S,4,85,,4.49,4.48,37.391614000000004,-121.870798,0.65,ML,4,Hotstteter Rd rn-s-loop/diag,DT0C2,L4-S-37-680-00449,999505.0,437850
407187,680,S,4,85,,3.72,3.71,37.383139,-121.861675,0.535,ML,4,Berryessa Rd rm-s-diag,DT0C0,L4-S-37-680-00372,999504.0,437873
407190,680,S,4,85,68000.0,6.05,6.04,37.412704,-121.880023,0.46,ML,4,Montague Expwy rm-s-diag,DT0C6,L4-S-37-680-00605,999508.0,437790
407191,680,S,4,85,68000.0,5.71,5.7,37.407919,-121.878542,0.515,ML,4,oppo N of N Capitol Ave,DT0C5,L4-S-37-680-00571,999507.0,437809
407194,680,S,4,85,68000.0,.48,0.47,37.344190999999995,-121.845564,0.385,ML,6,S. King Rd off-s-diag,DT0A9,L6-S-37-680-00048,999513.0,437730
407200,680,S,4,85,,5.02,5.01,37.398207,-121.875543,0.61,ML,4,N Capitol Ave rm-s-diag,DT0C3,L4-S-37-680-00502,999506.0,437837
407202,680,S,4,85,68000.0,1.81,1.8,37.360613,-121.841794,0.415,ML,4,oppo Alum Rock Rd rm-n-diag,DT0B5,L4-S-37-680-00181,999500.0,437888
407204,680,S,4,85,68000.0,2.23,2.22,37.366096999999996,-121.84510300000001,0.5,ML,4,McKee Rd rm-s-diag,DT0B6,L4-S-37-680-00223,999501.0,437897
407206,680,S,4,85,,2.81,2.8,37.372896999999995,-121.851246,0.595,ML,4,oppo N of McKee Rd,DT0B8,L4-S-37-680-00281,999502.0,437928
407207,680,S,4,85,,3.42,3.41,37.379794,-121.85818799999998,0.455,ML,4,S of Berryessa Rd,DT0B9,L4-S-37-680-00342,999503.0,437939
407321,85,N,4,85,77000.0,R18.55,18.726,37.333648,-122.056851,0.17,ML,3,NB Rte 280 / Stevens Creek,DT6B2,L3-N-37-085-R1855,999529.0,438025
407323,85,N,4,85,49670.0,R23.01,23.186,37.396419,-122.068661,0.675,ML,3,Central Expwy rm-n-diag,DT194,L3-N-37-085-R2301,999521.0,438031
407325,85,N,4,85,49670.0,R22.13,22.305999999999997,37.383707,-122.06810800000001,0.6,ML,3,EB 237 rm-n-loop,DT6C1,L3-N-37-085-R2213,999543.0,437984
407328,85,N,4,85,49670.0,R21.68,21.855999999999998,37.377217,-122.06754199999999,0.205,ML,3,ECR rm-n-loop,DT6A3,L3-N-37-085-R2168,999523.0,438046
407331,85,N,4,85,77000.0,R18.7,18.875999999999998,37.335431,-122.05833700000001,0.405,ML,4,Homestead Dr rm-n-loop,DT6B3,L4-N-37-085-R1870,999530.0,438190
407332,85,N,4,85,49670.0,R23.71,23.886,37.407311,-122.069566,2.8489999999999998,HV,1,NB 101 HOV,DT6C0,C1-N-37-085-R2371,999517.0,438089
407335,85,N,4,85,49670.0,R21.4,21.576,37.373213,-122.06736799999999,0.515,ML,3,Stevens Creek Trail POC,DT6B9,L3-N-37-085-R2140,999541.0,438109
407336,85,N,4,85,,R20.65,20.826,37.363146,-122.062707,0.6,ML,3,N of Fremont Ave,DT6B8,L3-N-37-085-R2065,999539.0,438127
407337,85,N,4,85,77000.0,R19.94,20.116,37.353092,-122.0609,0.185,ML,3,W Fremont Ave rm-n-diag,DT6B7,L3-N-37-085-R1994,999537.0,438136
407339,85,N,4,85,77000.0,R19.83,20.006,37.351571,-122.06028500000001,0.29,ML,3,oppo W Fremont Ave rm-s-diag,DT6B6,L3-N-37-085-R1983,999535.0,438150
407341,85,N,4,85,17610.0,R19.36,19.535999999999998,37.344713,-122.059766,0.565,ML,3,The Dalles POC,DT6B5,L3-N-37-085-R1936,999533.0,438165
407342,85,N,4,85,49670.0,R21.81,21.986,37.379094,-122.067604,0.225,ML,3,ECR rm-n-diag,DT6A6,L3-N-37-085-R2181,999525.0,438065
407344,85,N,4,85,77000.0,R18.36,18.535999999999998,37.331501,-122.05468700000002,0.295,ML,3,SB I-280 rm-n-loop,DT6B0,L3-N-37-085-R1836,999527.0,438101
407348,85,S,4,85,49670.0,R22.17,22.346,37.384273,-122.06841200000001,0.33,ML,3,EB 237 rm-n-loop,DT6C1,L3-S-37-085-R2217,999544.0,437985
407352,85,S,4,85,49670.0,R21.67,21.846,37.377057,-122.067805,0.215,ML,3,ECR rm-s-diag,DT6A5,L3-S-37-085-R2167,999524.0,438056
407359,85,S,4,85,49670.0,R23.71,23.886,37.407146999999995,-122.07005500000001,2.8489999999999998,HV,1,SB 101 HOV,DT6C0,C1-S-37-085-R2371,999519.0,438086
407360,85,S,4,85,49670.0,R21.4,21.576,37.373187,-122.067646,0.51,ML,3,oppo Stevens Creek Trail POC,DT6B9,L3-S-37-085-R2140,999542.0,438114
407361,85,S,4,85,,R20.65,20.826,37.363107,-122.063006,0.6,ML,3,oppo N of Fremont Ave,DT6B8,L3-S-37-085-R2065,999540.0,438131
407364,85,S,4,85,77000.0,R19.83,20.006,37.351529,-122.06051799999999,0.42,ML,3,W Fremont Ave rm-s-diag,DT6B6,L3-S-37-085-R1983,999536.0,438155
407367,85,S,4,85,49670.0,R21.83,22.006,37.379368,-122.067871,0.25,ML,3,ECR rm-s-loop,DT6A9,L3-S-37-085-R2183,999526.0,438077
407370,85,S,4,85,77000.0,R18.55,18.726,37.333574,-122.05700700000001,0.69,ML,3,NB I-280 rm-s-loop,DT6B1,L3-S-37-085-R1855,999528.0,438119
407372,85,S,4,85,77000.0,R19.36,19.535999999999998,37.344708000000004,-122.059991,0.48,ML,3,oppo The Dalles POC,DT6B5,L3-S-37-085-R1936,999534.0,438170
407373,85,S,4,85,17610.0,R18.87,19.046,37.337629,-122.05971699999999,0.405,ML,3,Homestead Dr off-s-diag,DT6B4,L3-S-37-085-R1887,999532.0,438178
407374,85,S,4,85,49670.0,R22.92,23.096,37.395123,-122.06861200000002,0.495,ML,3,oppo Central Expwy on-n-diag,DT194,L3-S-37-085-R2292,999522.0,438213
407710,280,N,4,85,68000.0,L5.33,5.33,37.317459,-121.93879299999999,0.7709999999999999,ML,3,17/880 IC,DT882,L3-N-37-280-L0533,17141.0,426574
407711,280,S,4,85,68000.0,L5.48,5.48,37.317112,-121.941507,0.8059999999999999,ML,4,17/880 IC,DT882,L4-S-37-280-L0548,17142.0,423851
408907,880,N,4,85,,.31,0.31,37.321822,-121.940425,0.425,ML,3,SB/NB 280 rm-n-fly/diag,DT596,L3-N-37-880-00031,999585.0,440151
408911,880,S,4,85,,.54,0.54,37.325153,-121.940859,0.57,ML,4,Stevens Creek Blvd,DT938,L4-S-37-880-00054,999586.0,440137
409524,87,N,4,85,68000.0,7.1,7.1,37.348448,-121.907247,0.765,ML,3,Taylor Street rm-n-diag,DT202,L3-N-37-087-00710,997187.0,420912
409525,87,N,4,85,,8.23,8.23,37.362565999999994,-121.917493,0.75,ML,3,oppo Skyport Dr. Rm-s-diag,DTA57,L3-N-37-087-00823,999105.0,420917
409526,87,N,4,85,,8.6,8.6,37.366737,-121.921627,0.405,ML,3,Skyport Dr rm-n-diag,DTA58,L3-N-37-087-00860,999106.0,420922
409528,87,S,4,85,,8.23,8.22,37.362466999999995,-121.917418,0.95,ML,3,Skyport Dr. Rm-s-diag,DTA57,L3-S-37-087-00823,999104.0,421317
409529,87,S,4,85,,8.6,8.59,37.366662,-121.92151899999999,0.405,ML,3,Skyport Dr rm-n-diag,DTA58,L3-S-37-087-00860,999107.0,421322
413026,880,N,4,85,47766.0,8.1,8.1,37.421232,-121.91480800000001,0.355,ML,5,Calaveras Blvd/EB 237,DTB93,L5-N-37-880-00810,999769.0,442516
413845,237,W,4,85,69084.0,8.8,8.852,37.422887,-121.925747,2.6310000000000002,ML,4,McCarthy Blvd rm-w-diag,DT9A3,L4-W-37-237-00880,999794.0,442921
413877,280,N,4,85,68000.0,2.97,2.97,37.321613,-121.89964199999999,0.53,ML,5,Bird Ave rm-n-diag,DTB37,L5-N-37-280-00297,999797.0,442875
413878,280,N,4,85,68000.0,2.32,2.32,37.324641,-121.888603,0.36,ML,4,Almaden Blvd rm-n-diag,DTB35,L4-N-37-280-00232,999796.0,442881
414284,280,N,4,85,68000.0,2.77,2.77,37.323066,-121.89653799999999,0.265,ML,5,NB 87/SB 87 rm-n-fly/diag,DTB36,L5-N-37-280-00277,999821.0,443118
414694,280,N,4,85,,3.91,3.91,37.315051000000004,-121.91349699999999,0.75,ML,4,Meridian Ave rm-n-loop,DTB38,L4-N-37-280-00391,999828.0,443406
